jamal,78,Nablus,jamal@gmail.com,SUPPLIER
doaa,888,doaa@gmail.com,Nablus,SUPPLIER
Yasmine,880,Yasmine@gmail.com,Nablus,REGULAR_USER
Jameel,60,jameel@gmail.com,Nablus,REGULAR_USER
ahmad,44,ahmad@gmail.com,Nablus,STORE_OWNER
Hassan,33,Hassan@gmail.com,Nablus,STORE_OWNER
yara,220,yara@gmail.com,Nablus,REGULAR_USER
alma,1998,almaarawa@gmail.com,Nablus,REGULAR_USER
sama,9090,sama@gmail.com,Tulkerem,REGULAR_USER
yousef,112233,yousef@gmail.com,Nablus,STORE_OWNER
karam,9990,karam@gmail.com,Tubas,REGULAR_USER
Aseell,34,Aseel@gmail.com,Tubas,REGULAR_USER
hala,333333,hala@gmail.com,Nablus,STORE_OWNER
yassar,13,yassar@gmail.com,Nablus,REGULAR_USER
merna,199,merno@gmail.com,Nablus,REGULAR_USER
Selen,77,seleno@gmail.com,Jenin,STORE_OWNER
adam,12,adam@gmail.com,Nablus,REGULAR_USER
yousr,88,yousr@gmail.com,Ramallah,STORE_OWNER
tasneem,196196,tasneem@gmail.com,Nablus,REGULAR_USER
Khaled,888,Khaled@gmail.com,Tubas,REGULAR_USER
Leen,990,leen@gmail.com,Hebron,REGULAR_USER
Seren,0000,seren@gamil.com,Jerusalem,STORE_OWNER
razan,777,razan@gmail.com,Nablus,REGULAR_USER
Hamod,121212,hamod@gmail.com,Nablus,SUPPLIER
Salma,3333,Salma@gmail.com,Nablus,REGULAR_USER
alia,12,Nablus,alia@gmail.com,ADMIN
maya,90,maya@gmail.com,Nablus,STORE_OWNER
suad,66,suad@gmail.com,Tubas,REGULAR_USER
safaa,444444,safa@gmail.com,Ramallah,STORE_OWNER
omar,11,omar@gmail.com,Nablus,REGULAR_USER
nuhha,1234,nuuha@gmail.com,Jenin,REGULAR_USER
